udsid,SID,data,,,
70E,0x86,0X00,0X00,0X00,0X00
70E,0x85,0X00,0X00,0X00,0X00
70E,0x3E,0X00,0X00,0X00,0X00
70E,0x31,0X00,0X00,0X00,0X00
70E,0x2F,0X00,0X00,0X00,0X00
70E,0x2E,0X00,0X00,0X00,0X00
70E,0x28,0X00,0X00,0X00,0X00
70E,0x27,0X00,0X00,0X00,0X00
70E,0x22,0X00,0X00,0X00,0X00
70E,0x19,0X00,0X00,0X00,0X00
70E,0x14,0X00,0X00,0X00,0X00
70E,0x11,0X00,0X00,0X00,0X00
70E,0x10,0X00,0X00,0X00,0X00
73E,0x85,0X00,0X00,0X00,0X00
73E,0x3E,0X00,0X00,0X00,0X00
73E,0x3D,0X00,0X00,0X00,0X00
73E,0x37,0X00,0X00,0X00,0X00
73E,0x36,0X00,0X00,0X00,0X00
73E,0x35,0X00,0X00,0X00,0X00
73E,0x34,0X00,0X00,0X00,0X00
73E,0x31,0X00,0X00,0X00,0X00
73E,0x2F,0X00,0X00,0X00,0X00
73E,0x2E,0X00,0X00,0X00,0X00
73E,0x28,0X00,0X00,0X00,0X00
73E,0x27,0X00,0X00,0X00,0X00
73E,0x23,0X00,0X00,0X00,0X00
73E,0x22,0X00,0X00,0X00,0X00
73E,0x19,0X00,0X00,0X00,0X00
73E,0x14,0X00,0X00,0X00,0X00
73E,0x11,0X00,0X00,0X00,0X00
73E,0x10,0X00,0X00,0X00,0X00
